title,season,number_in_season,number_in_series,original_air_date,weekday,imdb_rating,imdb_votes,us_viewers_in_millions
Simpsons Roasting on an Open Fire,1,1,1,1989-12-17,Sunday,8.2,3734.0,26.7
Bart the Genius,1,2,2,1990-01-14,Sunday,7.8,1973.0,24.5
Homer's Odyssey,1,3,3,1990-01-21,Sunday,7.5,1709.0,27.5
There's No Disgrace Like Home,1,4,4,1990-01-28,Sunday,7.8,1701.0,20.2
Bart the General,1,5,5,1990-02-04,Sunday,8.1,1732.0,27.1
Moaning Lisa,1,6,6,1990-02-11,Sunday,7.6,1674.0,27.4
The Call of the Simpsons,1,7,7,1990-02-18,Sunday,7.9,1638.0,27.6
The Telltale Head,1,8,8,1990-02-25,Sunday,7.7,1580.0,28.0
Life on the Fast Lane,1,9,9,1990-03-18,Sunday,7.5,1578.0,33.5
Homer's Night Out,1,10,10,1990-03-25,Sunday,7.4,1511.0,30.3
The Crepes of Wrath,1,11,11,1990-04-15,Sunday,7.8,1539.0,31.2
Krusty Gets Busted,1,12,12,1990-04-29,Sunday,8.3,1716.0,30.4
Some Enchanted Evening,1,13,13,1990-05-13,Sunday,7.9,1567.0,27.1
"Bart Gets an ""F""",2,1,14,1990-10-11,Thursday,8.2,1638.0,33.6
Simpson and Delilah,2,2,15,1990-10-18,Thursday,8.3,1588.0,29.9
Treehouse of Horror,2,3,16,1990-10-25,Thursday,8.2,1786.0,27.4
Two Cars in Every Garage and Three Eyes on Every Fish,2,4,17,1990-11-01,Thursday,8.1,1457.0,26.1
Dancin' Homer,2,5,18,1990-11-08,Thursday,7.5,1381.0,26.1
Dead Putting Society,2,6,19,1990-11-15,Thursday,8.0,1366.0,25.4
Bart vs. Thanksgiving,2,7,20,1990-11-22,Thursday,7.7,1324.0,25.9
Bart the Daredevil,2,8,21,1990-12-06,Thursday,8.4,1522.0,26.2
Itchy & Scratchy & Marge,2,9,22,1990-12-20,Thursday,8.1,1402.0,22.2
Bart Gets Hit by a Car,2,10,23,1991-01-10,Thursday,7.8,1340.0,24.8
"One Fish, Two Fish, Blowfish, Blue Fish",2,11,24,1991-01-24,Thursday,8.8,1687.0,24.2
The Way We Was,2,12,25,1991-01-31,Thursday,8.2,1392.0,26.8
Homer vs. Lisa and the 8th Commandment,2,13,26,1991-02-07,Thursday,8.0,1329.0,26.2
Principal Charming,2,14,27,1991-02-14,Thursday,7.5,1241.0,23.9
"Oh Brother, Where Art Thou?",2,15,28,1991-02-21,Thursday,8.2,1413.0,26.8
"Bart's Dog Gets an ""F""",2,16,29,1991-03-07,Thursday,7.5,1264.0,23.9
Old Money,2,17,30,1991-03-28,Thursday,7.6,1243.0,21.2
Brush with Greatness,2,18,31,1991-04-11,Thursday,8.0,1257.0,20.6
Lisa's Substitute,2,19,32,1991-04-25,Thursday,8.5,1684.0,17.7
The War of the Simpsons,2,20,33,1991-05-02,Thursday,7.9,1246.0,19.7
Three Men and a Comic Book,2,21,34,1991-05-09,Thursday,8.4,1379.0,21.0
Blood Feud,2,22,35,1991-07-11,Thursday,8.0,1223.0,17.3
Stark Raving Dad,3,1,36,1991-09-19,Thursday,8.6,1798.0,22.9
Mr. Lisa Goes to Washington,3,2,37,1991-09-26,Thursday,7.7,1274.0,20.2
When Flanders Failed,3,3,38,1991-10-03,Thursday,8.2,1302.0,22.8
Bart the Murderer,3,4,39,1991-10-10,Thursday,8.7,1446.0,20.8
Homer Defined,3,5,40,1991-10-17,Thursday,8.5,1452.0,20.6
"Like Father, Like Clown",3,6,41,1991-10-24,Thursday,7.7,1262.0,20.2
Treehouse of Horror II,3,7,42,1991-10-31,Thursday,8.2,1369.0,20.0
Lisa's Pony,3,8,43,1991-11-07,Thursday,7.9,1243.0,23.0
Saturdays of Thunder,3,9,44,1991-11-14,Thursday,7.9,1194.0,24.7
Flaming Moe's,3,10,45,1991-11-21,Thursday,8.8,1618.0,23.9
Burns Verkaufen der Kraftwerk,3,11,46,1991-12-05,Thursday,8.2,1291.0,21.1
I Married Marge,3,12,47,1991-12-26,Thursday,8.2,1213.0,21.9
Radio Bart,3,13,48,1992-01-09,Thursday,8.5,1365.0,24.2
Lisa the Greek,3,14,49,1992-01-23,Thursday,8.0,1179.0,23.2
Homer Alone,3,15,50,1992-02-06,Thursday,8.0,1176.0,23.7
Bart the Lover,3,16,51,1992-02-13,Thursday,8.3,1272.0,20.5
Homer at the Bat,3,17,52,1992-02-20,Thursday,8.6,1637.0,24.6
Separate Vocations,3,18,53,1992-02-27,Thursday,8.2,1201.0,23.7
Dog of Death,3,19,54,1992-03-12,Thursday,7.7,1165.0,23.4
Colonel Homer,3,20,55,1992-03-26,Thursday,7.9,1233.0,25.5
Black Widower,3,21,56,1992-04-09,Thursday,8.2,1233.0,17.3
The Otto Show,3,22,57,1992-04-23,Thursday,7.7,1176.0,17.5
Bart's Friend Falls in Love,3,23,58,1992-05-07,Thursday,7.8,1160.0,19.5
"Brother, Can You Spare Two Dimes?",3,24,59,1992-08-27,Thursday,8.2,1227.0,17.2
Kamp Krusty,4,1,60,1992-09-24,Thursday,8.4,1414.0,21.8
A Streetcar Named Marge,4,2,61,1992-10-01,Thursday,8.1,1339.0,18.3
Homer the Heretic,4,3,62,1992-10-08,Thursday,9.0,1747.0,19.3
Lisa the Beauty Queen,4,4,63,1992-10-15,Thursday,7.8,1194.0,19.0
Treehouse of Horror III,4,5,64,1992-10-29,Thursday,8.4,1394.0,25.1
Itchy & Scratchy: The Movie,4,6,65,1992-11-03,Tuesday,8.2,1293.0,20.1
Marge Gets a Job,4,7,66,1992-11-05,Thursday,7.8,1163.0,22.9
New Kid on the Block,4,8,67,1992-11-12,Thursday,8.2,1240.0,23.1
Mr. Plow,4,9,68,1992-11-19,Thursday,8.8,1595.0,24.0
Lisa's First Word,4,10,69,1992-12-03,Thursday,8.5,1350.0,28.6
Homer's Triple Bypass,4,11,70,1992-12-17,Thursday,8.7,1445.0,23.6
Marge vs. the Monorail,4,12,71,1993-01-14,Thursday,9.0,2028.0,23.0
Selma's Choice,4,13,72,1993-01-21,Thursday,8.0,1153.0,24.5
Brother from the Same Planet,4,14,73,1993-02-04,Thursday,8.1,1176.0,23.8
I Love Lisa,4,15,74,1993-02-11,Thursday,8.3,1268.0,25.2
Duffless,4,16,75,1993-02-18,Thursday,8.3,1209.0,25.7
Last Exit to Springfield,4,17,76,1993-03-11,Thursday,9.0,1827.0,22.4
So It's Come to This: A Simpsons Clip Show,4,18,77,1993-04-01,Thursday,7.2,1105.0,25.5
The Front,4,19,78,1993-04-15,Thursday,8.1,1122.0,20.1
Whacking Day,4,20,79,1993-04-29,Thursday,8.1,1234.0,20.0
Marge in Chains,4,21,80,1993-05-06,Thursday,7.7,1080.0,17.3
Krusty Gets Kancelled,4,22,81,1993-05-13,Thursday,8.2,1269.0,19.4
Homer's Barbershop Quartet,5,1,82,1993-09-30,Thursday,8.4,1416.0,19.9
Cape Feare,5,2,83,1993-10-07,Thursday,9.0,2010.0,20.0
Homer Goes to College,5,3,84,1993-10-14,Thursday,8.6,1476.0,18.1
Rosebud,5,4,85,1993-10-21,Thursday,8.9,1479.0,19.5
Treehouse of Horror IV,5,5,86,1993-10-28,Thursday,8.7,1437.0,24.0
Marge on the Lam,5,6,87,1993-11-04,Thursday,8.0,1132.0,21.7
Bart's Inner Child,5,7,88,1993-11-11,Thursday,7.7,1085.0,18.7
Boy-Scoutz 'n the Hood,5,8,89,1993-11-18,Thursday,8.7,1270.0,20.1
The Last Temptation of Homer,5,9,90,1993-12-09,Thursday,8.4,1308.0,20.6
"$pringfield (or, How I Learned to Stop Worrying and Love Legalized Gambling)",5,10,91,1993-12-16,Thursday,8.5,1274.0,17.9
Homer the Vigilante,5,11,92,1994-01-06,Thursday,8.2,1202.0,20.1
Bart Gets Famous,5,12,93,1994-02-03,Thursday,8.1,1123.0,20.0
Homer and Apu,5,13,94,1994-02-10,Thursday,8.3,1171.0,21.8
Lisa vs. Malibu Stacy,5,14,95,1994-02-17,Thursday,8.2,1187.0,20.5
Deep Space Homer,5,15,96,1994-02-24,Thursday,8.8,1505.0,18.2
Homer Loves Flanders,5,16,97,1994-03-17,Thursday,8.5,1191.0,18.0
Bart Gets an Elephant,5,17,98,1994-03-31,Thursday,7.9,1116.0,17.0
Burns' Heir,5,18,99,1994-04-14,Thursday,8.4,1143.0,14.7
Sweet Seymour Skinner's Baadasssss Song,5,19,100,1994-04-28,Thursday,8.4,1118.0,19.7
The Boy Who Knew Too Much,5,20,101,1994-05-05,Thursday,8.2,1103.0,15.5
Lady Bouvier's Lover,5,21,102,1994-05-12,Thursday,7.5,1014.0,15.1
Secrets of a Successful Marriage,5,22,103,1994-05-19,Thursday,8.0,1060.0,15.6
Bart of Darkness,6,1,104,1994-09-04,Sunday,8.6,1330.0,15.1
Lisa's Rival,6,2,105,1994-09-11,Sunday,8.1,1156.0,16.7
Another Simpsons Clip Show,6,3,106,1994-09-25,Sunday,6.0,1051.0,13.5
Itchy & Scratchy Land,6,4,107,1994-10-02,Sunday,8.5,1277.0,14.8
Sideshow Bob Roberts,6,5,108,1994-10-09,Sunday,8.3,1142.0,14.4
Treehouse of Horror V,6,6,109,1994-10-30,Sunday,9.0,1690.0,22.2
Bart's Girlfriend,6,7,110,1994-11-06,Sunday,8.0,1150.0,15.3
Lisa on Ice,6,8,111,1994-11-13,Sunday,8.4,1236.0,17.9
Homer Badman,6,9,112,1994-11-27,Sunday,9.0,1655.0,17.0
Grampa vs. Sexual Inadequacy,6,10,113,1994-12-04,Sunday,8.0,1060.0,14.1
Fear of Flying,6,11,114,1994-12-18,Sunday,7.8,1100.0,15.6
Homer the Great,6,12,115,1995-01-08,Sunday,8.9,1457.0,20.1
And Maggie Makes Three,6,13,116,1995-01-22,Sunday,8.5,1284.0,17.3
Bart's Comet,6,14,117,1995-02-05,Sunday,8.6,1221.0,18.7
Homie the Clown,6,15,118,1995-02-12,Sunday,8.5,1254.0,17.6
Bart vs. Australia,6,16,119,1995-02-19,Sunday,8.5,1353.0,15.1
Homer vs. Patty and Selma,6,17,120,1995-02-26,Sunday,7.9,1006.0,18.9
A Star Is Burns,6,18,121,1995-03-05,Sunday,8.5,1223.0,14.4
Lisa's Wedding,6,19,122,1995-03-19,Sunday,8.3,1190.0,14.4
Two Dozen and One Greyhounds,6,20,123,1995-04-09,Sunday,8.1,1051.0,11.6
The PTA Disbands,6,21,124,1995-04-16,Sunday,8.1,1004.0,11.8
'Round Springfield,6,22,125,1995-04-30,Sunday,8.3,1084.0,12.6
The Springfield Connection,6,23,126,1995-05-07,Sunday,8.2,1003.0,12.7
Lemon of Troy,6,24,127,1995-05-14,Sunday,8.6,1285.0,13.1
Who Shot Mr. Burns? (Part One),6,25,128,1995-05-21,Sunday,9.1,1619.0,15.0
Who Shot Mr. Burns? (Part Two),7,1,129,1995-09-17,Sunday,8.9,1497.0,16.0
Radioactive Man,7,2,130,1995-09-24,Sunday,8.3,1172.0,15.7
Home Sweet Homediddly-Dum-Doodily,7,3,131,1995-10-01,Sunday,8.3,1088.0,14.5
Bart Sells His Soul,7,4,132,1995-10-08,Sunday,8.7,1354.0,14.8
Lisa the Vegetarian,7,5,133,1995-10-15,Sunday,8.5,1288.0,14.6
Treehouse of Horror VI,7,6,134,1995-10-29,Sunday,8.5,1304.0,19.7
King-Size Homer,7,7,135,1995-11-05,Sunday,9.0,1633.0,17.0
Mother Simpson,7,8,136,1995-11-19,Sunday,8.5,1226.0,15.3
Sideshow Bob's Last Gleaming,7,9,137,1995-11-26,Sunday,8.0,1023.0,14.2
The Simpsons 138th Episode Spectacular,7,10,138,1995-12-03,Sunday,7.5,1038.0,16.4
Marge Be Not Proud,7,11,139,1995-12-17,Sunday,8.3,1146.0,16.7
Team Homer,7,12,140,1996-01-07,Sunday,8.3,1064.0,16.7
Two Bad Neighbors,7,13,141,1996-01-14,Sunday,8.7,1264.0,16.5
Scenes from the Class Struggle in Springfield,7,14,142,1996-02-04,Sunday,7.7,962.0,14.4
Bart the Fink,7,15,143,1996-02-11,Sunday,7.7,954.0,15.0
Lisa the Iconoclast,7,16,144,1996-02-18,Sunday,8.1,1039.0,13.4
Homer the Smithers,7,17,145,1996-02-25,Sunday,8.9,1609.0,14.1
The Day the Violence Died,7,18,146,1996-03-17,Sunday,8.0,1016.0,14.4
A Fish Called Selma,7,19,147,1996-03-24,Sunday,8.2,1103.0,12.9
Bart on the Road,7,20,148,1996-03-31,Sunday,8.6,1110.0,11.8
22 Short Films About Springfield,7,21,149,1996-04-14,Sunday,8.8,1393.0,10.5
"Raging Abe Simpson and His Grumbling Grandson in ""The Curse of the Flying Hellfish""",7,22,150,1996-04-28,Sunday,8.3,1122.0,13.0
Much Apu About Nothing,7,23,151,1996-05-05,Sunday,8.0,995.0,11.3
Homerpalooza,7,24,152,1996-05-19,Sunday,8.0,1095.0,12.9
Summer of 4 Ft. 2,7,25,153,1996-05-19,Sunday,8.3,1119.0,14.7
Treehouse of Horror VII,8,1,154,1996-10-27,Sunday,8.3,1186.0,18.3
You Only Move Twice,8,2,155,1996-11-03,Sunday,9.2,2439.0,13.9
The Homer They Fall,8,3,156,1996-11-10,Sunday,8.0,1085.0,17.0
"Burns, Baby Burns",8,4,157,1996-11-17,Sunday,7.7,1079.0,12.6
Bart After Dark,8,5,158,1996-11-24,Sunday,8.2,1098.0,14.1
A Milhouse Divided,8,6,159,1996-12-01,Sunday,8.0,1008.0,12.8
Lisa's Date with Density,8,7,160,1996-12-15,Sunday,7.8,1005.0,12.2
Hurricane Neddy,8,8,161,1996-12-29,Sunday,8.8,1268.0,14.36
El Viaje Misterioso de Nuestro Jomer (The Mysterious Voyage of Homer),8,9,162,1997-01-05,Sunday,8.5,1383.0,14.9
The Springfield Files,8,10,163,1997-01-12,Sunday,9.0,1793.0,20.9
The Twisted World of Marge Simpson,8,11,164,1997-01-19,Sunday,7.8,998.0,14.0
Mountain of Madness,8,12,165,1997-02-02,Sunday,8.6,1137.0,9.1
Simpsoncalifragilisticexpiala(Annoyed Grunt)cious,8,13,166,1997-02-07,Friday,7.7,1088.0,17.7
The Itchy & Scratchy & Poochie Show,8,14,167,1997-02-09,Sunday,7.9,1079.0,15.5
Homer's Phobia,8,15,168,1997-02-16,Sunday,8.9,1666.0,15.3
Brother from Another Series,8,16,169,1997-02-23,Sunday,8.2,1100.0,15.1
"My Sister, My Sitter",8,17,170,1997-03-02,Sunday,8.1,1020.0,15.1
Homer vs. the Eighteenth Amendment,8,18,171,1997-03-16,Sunday,8.7,1330.0,14.6
Grade School Confidential,8,19,172,1997-04-06,Sunday,8.2,995.0,13.3
The Canine Mutiny,8,20,173,1997-04-13,Sunday,7.7,913.0,13.25
The Old Man and the Lisa,8,21,174,1997-04-20,Sunday,7.9,967.0,14.0
In Marge We Trust,8,22,175,1997-04-27,Sunday,8.0,973.0,16.9
Homer's Enemy,8,23,176,1997-05-04,Sunday,9.2,2256.0,11.8
The Simpsons Spin-Off Showcase,8,24,177,1997-05-11,Sunday,7.3,1006.0,11.6
The Secret War of Lisa Simpson,8,25,178,1997-05-18,Sunday,7.8,967.0,12.7
The City of New York vs. Homer Simpson,9,1,179,1997-09-21,Sunday,9.1,1918.0,10.5
The Principal and the Pauper,9,2,180,1997-09-28,Sunday,7.4,1158.0,14.9
Lisa's Sax,9,3,181,1997-10-19,Sunday,8.1,980.0,12.9
Treehouse of Horror VIII,9,4,182,1997-10-26,Sunday,8.1,1019.0,10.9
The Cartridge Family,9,5,183,1997-11-02,Sunday,8.2,1081.0,10.3
Bart Star,9,6,184,1997-11-09,Sunday,7.7,925.0,10.6
The Two Mrs. Nahasapeemapetilons,9,7,185,1997-11-16,Sunday,7.7,905.0,11.4
Lisa the Skeptic,9,8,186,1997-11-23,Sunday,8.0,978.0,9.3
Realty Bites,9,9,187,1997-12-07,Sunday,7.5,888.0,10.6
Miracle on Evergreen Terrace,9,10,188,1997-12-21,Sunday,7.6,958.0,9.6
"All Singing, All Dancing",9,11,189,1998-01-04,Sunday,5.1,1119.0,8.9
Bart Carny,9,12,190,1998-01-11,Sunday,7.7,938.0,11.7
The Joy of Sect,9,13,191,1998-02-08,Sunday,8.2,1042.0,9.4
Das Bus,9,14,192,1998-02-15,Sunday,8.1,1036.0,9.6
The Last Temptation of Krust,9,15,193,1998-02-22,Sunday,7.5,878.0,9.5
Dumbbell Indemnity,9,16,194,1998-03-01,Sunday,7.6,887.0,10.3
Lisa the Simpson,9,17,195,1998-03-08,Sunday,8.0,957.0,10.4
This Little Wiggy,9,18,196,1998-03-22,Sunday,7.8,906.0,8.9
Simpson Tide,9,19,197,1998-03-29,Sunday,8.3,1026.0,9.0
The Trouble with Trillions,9,20,198,1998-04-05,Sunday,7.9,949.0,7.4
Girly Edition,9,21,199,1998-04-19,Sunday,7.9,905.0,8.5
Trash of the Titans,9,22,200,1998-04-26,Sunday,8.5,1108.0,10.2
King of the Hill,9,23,201,1998-05-03,Sunday,8.3,962.0,9.2
Lost Our Lisa,9,24,202,1998-05-10,Sunday,7.7,880.0,7.6
Natural Born Kissers,9,25,203,1998-05-17,Sunday,8.1,931.0,8.6
Lard of the Dance,10,1,204,1998-08-23,Sunday,7.6,932.0,7.0
The Wizard of Evergreen Terrace,10,2,205,1998-09-20,Sunday,8.2,988.0,7.95
Bart the Mother,10,3,206,1998-09-27,Sunday,7.5,899.0,7.35
Treehouse of Horror IX,10,4,207,1998-10-25,Sunday,8.0,1013.0,8.5
When You Dish Upon a Star,10,5,208,1998-11-08,Sunday,7.3,934.0,9.0
D'oh-in' in the Wind,10,6,209,1998-11-15,Sunday,7.6,901.0,8.3
"Lisa Gets an ""A""",10,7,210,1998-11-22,Sunday,8.0,909.0,8.0
"Homer Simpson in: ""Kidney Trouble""",10,8,211,1998-12-06,Sunday,7.3,863.0,7.2
Mayored to the Mob,10,9,212,1998-12-20,Sunday,8.2,975.0,8.5
Viva Ned Flanders,10,10,213,1999-01-10,Sunday,7.8,928.0,11.5
Wild Barts Can't Be Broken,10,11,214,1999-01-17,Sunday,7.7,834.0,8.8
"Sunday, Cruddy Sunday",10,12,215,1999-01-31,Sunday,6.9,880.0,11.5
Homer to the Max,10,13,216,1999-02-07,Sunday,7.7,882.0,8.3
I'm with Cupid,10,14,217,1999-02-14,Sunday,7.3,815.0,7.7
"Marge Simpson in: ""Screaming Yellow Honkers""",10,15,218,1999-02-21,Sunday,7.3,831.0,8.6
Make Room for Lisa,10,16,219,1999-02-28,Sunday,7.5,795.0,7.6
Maximum Homerdrive,10,17,220,1999-03-28,Sunday,7.6,843.0,15.5
Simpsons Bible Stories,10,18,221,1999-04-04,Sunday,7.3,851.0,12.2
Mom and Pop Art,10,19,222,1999-04-11,Sunday,7.6,831.0,8.5
"The Old Man and the ""C"" Student",10,20,223,1999-04-25,Sunday,7.3,779.0,6.9
Monty Can't Buy Me Love,10,21,224,1999-05-02,Sunday,7.2,789.0,7.26
They Saved Lisa's Brain,10,22,225,1999-05-09,Sunday,7.3,804.0,6.8
Thirty Minutes over Tokyo,10,23,226,1999-05-16,Sunday,7.9,964.0,8.0
Beyond Blunderdome,11,1,227,1999-09-26,Sunday,7.3,917.0,8.1
Brother's Little Helper,11,2,228,1999-10-03,Sunday,7.5,776.0,7.1
Guess Who's Coming to Criticize Dinner?,11,3,229,1999-10-24,Sunday,7.5,797.0,6.7
Treehouse of Horror X,11,4,230,1999-10-31,Sunday,7.7,876.0,8.7
E-I-E-I-(Annoyed Grunt),11,5,231,1999-11-07,Sunday,7.6,817.0,8.4
"Hello Gutter, Hello Fadder",11,6,232,1999-11-14,Sunday,7.3,759.0,9.2
Eight Misbehavin',11,7,233,1999-11-21,Sunday,7.1,747.0,9.2
"Take My Wife, Sleaze",11,8,234,1999-11-28,Sunday,7.1,775.0,8.9
Grift of the Magi,11,9,235,1999-12-19,Sunday,7.3,809.0,7.76
Little Big Mom,11,10,236,2000-01-09,Sunday,7.3,715.0,10.0
Faith Off,11,11,237,2000-01-16,Sunday,6.9,734.0,10.4
The Mansion Family,11,12,238,2000-01-23,Sunday,7.3,747.0,11.3
Saddlesore Galactica,11,13,239,2000-02-06,Sunday,6.6,822.0,9.6
"Alone Again, Natura-diddily",11,14,240,2000-02-13,Sunday,7.9,887.0,10.8
Missionary: Impossible,11,15,241,2000-02-20,Sunday,7.3,777.0,9.8
Pygmoelian,11,16,242,2000-02-27,Sunday,7.3,755.0,9.4
Bart to the Future,11,17,243,2000-03-19,Sunday,7.0,780.0,8.77
Days of Wine and D'oh'ses,11,18,244,2000-04-09,Sunday,7.4,724.0,8.3
Kill the Alligator and Run,11,19,245,2000-04-30,Sunday,6.6,805.0,7.46
Last Tap Dance in Springfield,11,20,246,2000-05-07,Sunday,7.2,716.0,7.3
"It's a Mad, Mad, Mad, Mad Marge",11,21,247,2000-05-14,Sunday,7.3,737.0,7.5
Behind the Laughter,11,22,248,2000-05-21,Sunday,7.9,955.0,8.3
Treehouse of Horror XI,12,1,249,2000-11-01,Wednesday,7.6,829.0,13.2
A Tale of Two Springfields,12,2,250,2000-11-05,Sunday,7.4,803.0,16.2
Insane Clown Poppy,12,3,251,2000-11-12,Sunday,7.1,733.0,16.4
Lisa the Tree Hugger,12,4,252,2000-11-19,Sunday,7.2,731.0,14.9
Homer vs. Dignity,12,5,253,2000-11-26,Sunday,7.2,762.0,15.0
The Computer Wore Menace Shoes,12,6,254,2000-12-03,Sunday,7.7,782.0,15.6
The Great Money Caper,12,7,255,2000-12-10,Sunday,7.3,766.0,16.8
Skinner's Sense of Snow,12,8,256,2000-12-17,Sunday,8.0,836.0,15.9
HOMR,12,9,257,2001-01-07,Sunday,8.0,899.0,18.5
Pokey Mom,12,10,258,2001-01-14,Sunday,7.3,760.0,15.0
Worst Episode Ever,12,11,259,2001-02-04,Sunday,7.5,761.0,18.5
Tennis the Menace,12,12,260,2001-02-11,Sunday,6.9,730.0,14.0
Day of the Jackanapes,12,13,261,2001-02-18,Sunday,7.2,668.0,15.4
New Kids on the Blecch,12,14,262,2001-02-25,Sunday,7.2,833.0,18.1
"Hungry, Hungry Homer",12,15,263,2001-03-04,Sunday,7.4,731.0,17.6
"Bye, Bye, Nerdie",12,16,264,2001-03-11,Sunday,6.5,691.0,16.1
Simpson Safari,12,17,265,2001-04-01,Sunday,6.9,719.0,13.3
Trilogy of Error,12,18,266,2001-04-29,Sunday,8.6,1095.0,14.4
I'm Goin' to Praiseland,12,19,267,2001-05-06,Sunday,7.3,721.0,13.1
Children of a Lesser Clod,12,20,268,2001-05-13,Sunday,7.3,666.0,13.8
Simpsons Tall Tales,12,21,269,2001-05-20,Sunday,7.0,688.0,13.4
Treehouse of Horror XII,13,1,270,2001-11-06,Tuesday,7.5,824.0,13.0
The Parent Rap,13,2,271,2001-11-11,Sunday,7.1,674.0,14.9
Homer the Moe,13,3,272,2001-11-18,Sunday,7.2,698.0,14.4
A Hunka Hunka Burns in Love,13,4,273,2001-12-02,Sunday,7.2,651.0,13.4
The Blunder Years,13,5,274,2001-12-09,Sunday,7.7,716.0,12.9
She of Little Faith,13,6,275,2001-12-16,Sunday,7.1,692.0,13.2
Brawl in the Family,13,7,276,2002-01-06,Sunday,6.9,649.0,11.8
Sweets and Sour Marge,13,8,277,2002-01-20,Sunday,7.0,649.0,12.3
Jaws Wired Shut,13,9,278,2002-01-27,Sunday,7.3,642.0,14.2
Half-Decent Proposal,13,10,279,2002-02-10,Sunday,7.5,683.0,13.2
The Bart Wants What It Wants,13,11,280,2002-02-17,Sunday,7.1,621.0,11.2
The Lastest Gun in the West,13,12,281,2002-02-24,Sunday,6.5,656.0,13.2
The Old Man and the Key,13,13,282,2002-03-10,Sunday,6.5,623.0,14.5
Tales from the Public Domain,13,14,283,2002-03-17,Sunday,7.3,630.0,11.7
Blame It on Lisa,13,15,284,2002-03-31,Sunday,7.0,670.0,11.1
Weekend at Burnsie's,13,16,285,2002-04-07,Sunday,7.7,765.0,12.5
Gump Roast,13,17,286,2002-04-21,Sunday,5.6,721.0,12.3
I Am Furious (Yellow),13,18,287,2002-04-28,Sunday,7.7,704.0,12.4
The Sweetest Apu,13,19,288,2002-05-05,Sunday,6.9,598.0,11.8
Little Girl in the Big Ten,13,20,289,2002-05-12,Sunday,7.2,613.0,11.2
The Frying Game,13,21,290,2002-05-19,Sunday,7.1,642.0,10.8
Poppa's Got a Brand New Badge,13,22,291,2002-05-22,Wednesday,8.0,701.0,8.2
Treehouse of Horror XIII,14,1,292,2002-11-03,Sunday,7.6,752.0,16.7
How I Spent My Strummer Vacation,14,2,293,2002-11-10,Sunday,7.3,713.0,12.5
Bart vs. Lisa vs. the Third Grade,14,3,294,2002-11-17,Sunday,7.0,645.0,13.3
Large Marge,14,4,295,2002-11-24,Sunday,7.1,704.0,17.4
Helter Shelter,14,5,296,2002-12-01,Sunday,6.8,633.0,15.1
The Great Louse Detective,14,6,297,2002-12-15,Sunday,7.3,628.0,15.5
Special Edna,14,7,298,2003-01-05,Sunday,7.1,593.0,15.0
The Dad Who Knew Too Little,14,8,299,2003-01-12,Sunday,7.3,598.0,12.8
The Strong Arms of the Ma,14,9,300,2003-02-02,Sunday,6.9,644.0,15.4
Pray Anything,14,10,301,2003-02-09,Sunday,6.8,598.0,13.4
Barting Over,14,11,302,2003-02-16,Sunday,6.6,650.0,21.3
I'm Spelling As Fast As I Can,14,12,303,2003-02-16,Sunday,7.3,628.0,22.1
A Star Is Born-Again,14,13,304,2003-03-02,Sunday,7.1,599.0,14.4
Mr. Spritz Goes to Washington,14,14,305,2003-03-09,Sunday,6.9,577.0,14.4
C.E.D'oh,14,15,306,2003-03-16,Sunday,7.3,557.0,13.0
'Scuse Me While I Miss the Sky,14,16,307,2003-03-30,Sunday,7.1,555.0,12.6
Three Gays of the Condo,14,17,308,2003-04-13,Sunday,7.2,649.0,12.02
"Dude, Where's My Ranch?",14,18,309,2003-04-27,Sunday,7.0,651.0,11.71
Old Yeller-Belly,14,19,310,2003-05-04,Sunday,6.8,574.0,11.59
"Brake My Wife, Please",14,20,311,2003-05-11,Sunday,6.9,570.0,10.56
The Bart of War,14,21,312,2003-05-18,Sunday,6.6,575.0,12.1
Moe Baby Blues,14,22,313,2003-05-18,Sunday,7.7,697.0,13.44
Treehouse of Horror XIV,15,1,314,2003-11-02,Sunday,7.4,738.0,16.22
My Mother the Carjacker,15,2,315,2003-11-09,Sunday,7.3,595.0,12.4
The President Wore Pearls,15,3,316,2003-11-16,Sunday,7.0,631.0,12.7
The Regina Monologues,15,4,317,2003-11-23,Sunday,7.1,705.0,12.2
The Fat and the Furriest,15,5,318,2003-11-30,Sunday,7.2,586.0,11.7
Today I Am a Clown,15,6,319,2003-12-07,Sunday,6.6,576.0,10.5
'Tis the Fifteenth Season,15,7,320,2003-12-14,Sunday,7.2,588.0,11.3
"Marge vs. Singles, Seniors, Childless Couples and Teens and Gays",15,8,321,2004-01-04,Sunday,6.7,589.0,12.0
"I, (Annoyed Grunt)-bot",15,9,322,2004-01-11,Sunday,7.3,607.0,16.3
Diatribe of a Mad Housewife,15,10,323,2004-01-25,Sunday,7.3,596.0,10.6
Margical History Tour,15,11,324,2004-02-08,Sunday,7.1,575.0,8.9
Milhouse Doesn't Live Here Anymore,15,12,325,2004-02-15,Sunday,7.3,583.0,9.4
Smart & Smarter,15,13,326,2004-02-22,Sunday,7.1,589.0,12.6
The Ziff Who Came to Dinner,15,14,327,2004-03-14,Sunday,6.9,568.0,10.7
Co-Dependents' Day,15,15,328,2004-03-21,Sunday,6.9,560.0,11.2
The Wandering Juvie,15,16,329,2004-03-28,Sunday,6.9,599.0,10.5
My Big Fat Geek Wedding,15,17,330,2004-04-18,Sunday,6.7,560.0,9.2
Catch 'Em If You Can,15,18,331,2004-04-25,Sunday,7.0,609.0,9.3
Simple Simpson,15,19,332,2004-05-02,Sunday,7.3,600.0,9.5
The Way We Weren't,15,20,333,2004-05-09,Sunday,7.3,587.0,6.6
Bart-Mangled Banner,15,21,334,2004-05-16,Sunday,6.2,593.0,8.7
Fraudcast News,15,22,335,2004-05-23,Sunday,7.2,553.0,9.2
Treehouse of Horror XV,16,1,336,2004-11-07,Sunday,7.4,666.0,11.29
All's Fair in Oven War,16,2,337,2004-11-14,Sunday,7.0,566.0,11.64
Sleeping with the Enemy,16,3,338,2004-11-21,Sunday,7.1,556.0,9.95
She Used to Be My Girl,16,4,339,2004-12-05,Sunday,6.6,562.0,10.81
Fat Man and Little Boy,16,5,340,2004-12-12,Sunday,7.1,539.0,10.31
Midnight Rx,16,6,341,2005-01-16,Sunday,7.3,554.0,8.11
Mommie Beerest,16,7,342,2005-01-30,Sunday,7.0,523.0,9.97
Homer and Ned's Hail Mary Pass,16,8,343,2005-02-06,Sunday,6.4,582.0,23.07
Pranksta Rap,16,9,344,2005-02-13,Sunday,6.8,607.0,8.01
There's Something About Marrying,16,10,345,2005-02-20,Sunday,7.1,580.0,10.39
On a Clear Day I Can't See My Sister,16,11,346,2005-03-06,Sunday,6.9,572.0,10.39
Goo Goo Gai Pan,16,12,347,2005-03-13,Sunday,7.0,586.0,10.28
Mobile Homer,16,13,348,2005-03-20,Sunday,7.0,530.0,8.49
The Seven-Beer Snitch,16,14,349,2005-04-03,Sunday,6.9,535.0,7.48
Future-Drama,16,15,350,2005-04-17,Sunday,7.3,615.0,8.31
Don't Fear the Roofer,16,16,351,2005-05-01,Sunday,7.4,661.0,11.92
The Heartbroke Kid,16,17,352,2005-05-01,Sunday,7.2,562.0,10.79
A Star Is Torn,16,18,353,2005-05-08,Sunday,6.8,554.0,8.72
Thank God It's Doomsday,16,19,354,2005-05-08,Sunday,7.3,575.0,10.05
Home Away from Homer,16,20,355,2005-05-15,Sunday,7.1,546.0,8.17
"The Father, the Son, and the Holy Guest Star",16,21,356,2005-05-15,Sunday,7.2,635.0,9.69
The Bonfire of the Manatees,17,1,357,2005-09-11,Sunday,6.3,618.0,11.1
The Girl Who Slept Too Little,17,2,358,2005-09-18,Sunday,6.9,585.0,9.79
Milhouse of Sand and Fog,17,3,359,2005-09-25,Sunday,7.0,558.0,10.19
Treehouse of Horror XVI,17,4,360,2005-11-06,Sunday,7.3,646.0,11.63
Marge's Son Poisoning,17,5,361,2005-11-13,Sunday,6.9,578.0,11.4
See Homer Run,17,6,362,2005-11-20,Sunday,6.9,543.0,10.3
The Last of the Red Hat Mamas,17,7,363,2005-11-27,Sunday,6.7,560.0,11.46
The Italian Bob,17,8,364,2005-12-11,Sunday,7.0,706.0,10.39
Simpsons Christmas Stories,17,9,365,2005-12-18,Sunday,6.9,553.0,9.8
Homer's Paternity Coot,17,10,366,2006-01-08,Sunday,6.7,554.0,10.1
We're on the Road to D'ohwhere,17,11,367,2006-01-29,Sunday,7.0,535.0,9.04
My Fair Laddy,17,12,368,2006-02-26,Sunday,6.4,597.0,9.51
The Seemingly Never-Ending Story,17,13,369,2006-03-12,Sunday,7.4,642.0,9.72
Bart Has Two Mommies,17,14,370,2006-03-19,Sunday,7.0,558.0,8.75
"Homer Simpson, This Is Your Wife",17,15,371,2006-03-26,Sunday,6.5,854.0,10.09
Million-Dollar Abie,17,16,372,2006-04-02,Sunday,6.6,577.0,7.83
"Kiss Kiss, Bang Bangalore",17,17,373,2006-04-09,Sunday,7.2,677.0,8.2
The Wettest Stories Ever Told,17,18,374,2006-04-23,Sunday,6.7,549.0,7.04
Girls Just Want to Have Sums,17,19,375,2006-04-30,Sunday,7.2,582.0,8.7
Regarding Margie,17,20,376,2006-05-07,Sunday,6.7,558.0,8.5
The Monkey Suit,17,21,377,2006-05-14,Sunday,7.1,596.0,8.3
Marge and Homer Turn a Couple Play,17,22,378,2006-05-21,Sunday,6.6,587.0,8.23
"The Mook, the Chef, the Wife and Her Homer",18,1,379,2006-09-10,Sunday,7.5,754.0,11.5
Jazzy and the Pussycats,18,2,380,2006-09-17,Sunday,6.7,671.0,8.94
"Please Homer, Don't Hammer 'Em",18,3,381,2006-09-24,Sunday,6.8,623.0,9.72
Treehouse of Horror XVII,18,4,382,2006-11-05,Sunday,7.1,723.0,10.43
G.I. (Annoyed Grunt),18,5,383,2006-11-12,Sunday,6.9,656.0,11.43
Moe'N'a Lisa,18,6,384,2006-11-19,Sunday,6.8,605.0,9.31
Ice Cream of Margie (with the Light Blue Hair),18,7,385,2006-11-26,Sunday,7.0,603.0,10.9
The Haw-Hawed Couple,18,8,386,2006-12-10,Sunday,7.2,578.0,8.29
"Kill Gil, Volumes I & II",18,9,387,2006-12-17,Sunday,6.4,624.0,8.96
The Wife Aquatic,18,10,388,2007-01-07,Sunday,6.6,615.0,13.9
Revenge Is a Dish Best Served Three Times,18,11,389,2007-01-28,Sunday,7.0,580.0,8.09
Little Big Girl,18,12,390,2007-02-11,Sunday,7.0,672.0,8.27
Springfield Up,18,13,391,2007-02-18,Sunday,7.3,617.0,8.8
Yokel Chords,18,14,392,2007-03-04,Sunday,7.1,644.0,9.09
Rome-Old and Juli-Eh,18,15,393,2007-03-11,Sunday,6.3,606.0,8.98
Homerazzi,18,16,394,2007-03-25,Sunday,7.2,610.0,6.91
Marge Gamer,18,17,395,2007-04-22,Sunday,7.3,678.0,6.4
The Boys of Bummer,18,18,396,2007-04-29,Sunday,6.3,585.0,7.57
Crook and Ladder,18,19,397,2007-05-06,Sunday,7.1,542.0,7.72
Stop! Or My Dog Will Shoot,18,20,398,2007-05-13,Sunday,7.0,569.0,6.48
24 Minutes,18,21,399,2007-05-20,Sunday,8.1,1179.0,9.8
You Kent Always Say What You Want,18,22,400,2007-05-20,Sunday,7.3,692.0,9.8
He Loves to Fly and He D'ohs,19,1,401,2007-09-23,Sunday,6.7,706.0,9.7
The Homer of Seville,19,2,402,2007-09-30,Sunday,6.7,684.0,8.4
Midnight Towboy,19,3,403,2007-10-07,Sunday,7.2,637.0,7.7
I Don't Wanna Know Why the Caged Bird Sings,19,4,404,2007-10-14,Sunday,6.9,620.0,8.8
Treehouse of Horror XVIII,19,5,405,2007-11-04,Sunday,7.1,687.0,11.7
Little Orphan Millie,19,6,406,2007-11-11,Sunday,6.7,591.0,10.57
Husbands and Knives,19,7,407,2007-11-18,Sunday,7.1,762.0,10.5
Funeral for a Fiend,19,8,408,2007-11-25,Sunday,7.1,673.0,9.0
Eternal Moonshine of the Simpson Mind,19,9,409,2007-12-16,Sunday,8.2,949.0,10.15
E Pluribus Wiggum,19,10,410,2008-01-06,Sunday,6.9,633.0,8.2
That '90s Show,19,11,411,2008-01-27,Sunday,6.3,1069.0,7.6
"Love, Springfieldian Style",19,12,412,2008-02-17,Sunday,6.6,636.0,7.81
The Debarted,19,13,413,2008-03-02,Sunday,7.7,788.0,8.18
Dial 'N' for Nerder,19,14,414,2008-03-09,Sunday,7.3,626.0,7.3
Smoke on the Daughter,19,15,415,2008-03-30,Sunday,6.7,580.0,7.1
Papa Don't Leech,19,16,416,2008-04-13,Sunday,6.1,585.0,6.9
Apocalypse Cow,19,17,417,2008-04-27,Sunday,6.9,601.0,7.69
Any Given Sundance,19,18,418,2008-05-04,Sunday,7.0,585.0,6.18
Mona Leaves-a,19,19,419,2008-05-11,Sunday,7.1,613.0,6.02
All About Lisa,19,20,420,2008-05-18,Sunday,6.4,538.0,6.11
"Sex, Pies and Idiot Scrapes",20,1,421,2008-09-28,Sunday,7.2,780.0,9.3
Lost Verizon,20,2,422,2008-10-05,Sunday,6.9,681.0,7.43
"Double, Double, Boy in Trouble",20,3,423,2008-10-19,Sunday,7.0,638.0,8.09
Treehouse of Horror XIX,20,4,424,2008-11-02,Sunday,7.1,757.0,12.48
Dangerous Curves,20,5,425,2008-11-09,Sunday,6.6,615.0,8.16
Homer and Lisa Exchange Cross Words,20,6,426,2008-11-16,Sunday,7.1,599.0,8.52
MyPods and Boomsticks,20,7,427,2008-11-30,Sunday,7.1,728.0,7.8
The Burns and the Bees,20,8,428,2008-12-07,Sunday,6.6,615.0,6.19
Lisa the Drama Queen,20,9,429,2009-01-25,Sunday,5.9,706.0,5.75
"Take My Life, Please",20,10,430,2009-02-15,Sunday,7.0,591.0,6.82
How the Test Was Won,20,11,431,2009-03-01,Sunday,7.0,603.0,6.52
"No Loan Again, Naturally",20,12,432,2009-03-08,Sunday,7.0,582.0,5.99
Gone Maggie Gone,20,13,433,2009-03-15,Sunday,7.2,652.0,5.99
In the Name of the Grandfather,20,14,434,2009-03-22,Sunday,6.3,619.0,6.15
Wedding for Disaster,20,15,435,2009-03-29,Sunday,6.8,571.0,6.58
Eeny Teeny Maya Moe,20,16,436,2009-04-05,Sunday,7.2,604.0,6.5
"The Good, the Sad and the Drugly",20,17,437,2009-04-19,Sunday,7.2,605.0,6.5
Father Knows Worst,20,18,438,2009-04-26,Sunday,7.0,554.0,5.94
"Waverly Hills, 9-0-2-1-D'oh",20,19,439,2009-05-03,Sunday,7.1,613.0,6.75
Four Great Women and a Manicure,20,20,440,2009-05-10,Sunday,6.3,591.0,5.16
Coming to Homerica,20,21,441,2009-05-17,Sunday,7.2,648.0,5.86
Homer the Whopper,21,1,442,2009-09-27,Sunday,7.1,698.0,8.31
Bart Gets a 'Z',21,2,443,2009-10-04,Sunday,6.6,585.0,9.32
The Great Wife Hope,21,3,444,2009-10-11,Sunday,6.3,562.0,7.5
Treehouse of Horror XX,21,4,445,2009-10-18,Sunday,7.3,671.0,8.59
The Devil Wears Nada,21,5,446,2009-11-15,Sunday,6.7,560.0,9.04
Pranks and Greens,21,6,447,2009-11-22,Sunday,6.7,543.0,7.03
Rednecks and Broomsticks,21,7,448,2009-11-29,Sunday,6.8,529.0,9.02
"O Brother, Where Bart Thou?",21,8,449,2009-12-13,Sunday,7.2,542.0,7.11
Thursdays with Abie,21,9,450,2010-01-03,Sunday,6.8,481.0,8.65
Once Upon a Time in Springfield,21,10,451,2010-01-10,Sunday,6.7,552.0,14.62
Million Dollar Maybe,21,11,452,2010-01-31,Sunday,7.1,532.0,5.11
Boy Meets Curl,21,12,453,2010-02-14,Sunday,6.8,525.0,5.87
The Color Yellow,21,13,454,2010-02-21,Sunday,6.6,496.0,6.08
Postcards from the Wedge,21,14,455,2010-03-14,Sunday,7.1,480.0,5.23
Stealing First Base,21,15,456,2010-03-21,Sunday,7.0,554.0,5.69
The Greatest Story Ever D'ohed,21,16,457,2010-03-28,Sunday,5.7,675.0,5.69
American History X-cellent,21,17,458,2010-04-11,Sunday,6.7,482.0,5.65
Chief of Hearts,21,18,459,2010-04-18,Sunday,6.9,482.0,5.93
The Squirt and the Whale,21,19,460,2010-04-25,Sunday,6.9,511.0,5.94
To Surveil with Love,21,20,461,2010-05-02,Sunday,7.2,519.0,6.06
Moe Letter Blues,21,21,462,2010-05-09,Sunday,6.9,491.0,5.66
The Bob Next Door,21,22,463,2010-05-16,Sunday,7.2,545.0,6.26
Judge Me Tender,21,23,464,2010-05-23,Sunday,6.6,507.0,5.74
Elementary School Musical,22,1,465,2010-09-26,Sunday,6.3,691.0,7.75
Loan-a Lisa,22,2,466,2010-10-03,Sunday,6.8,506.0,8.59
MoneyBart,22,3,467,2010-10-10,Sunday,6.8,501.0,6.72
Treehouse of Horror XXI,22,4,468,2010-11-07,Sunday,7.1,680.0,8.19
"Lisa Simpson, This Isn't Your Life",22,5,469,2010-11-14,Sunday,7.2,482.0,8.97
The Fool Monty,22,6,470,2010-11-21,Sunday,6.5,479.0,6.58
How Munched is That Birdie in the Window?,22,7,471,2010-11-28,Sunday,6.4,489.0,9.38
The Fight Before Christmas,22,8,472,2010-12-05,Sunday,6.9,564.0,9.54
Donnie Fatso,22,9,473,2010-12-12,Sunday,7.0,528.0,7.18
Moms I'd Like to Forget,22,10,474,2011-01-09,Sunday,6.3,464.0,12.6
Flaming Moe,22,11,475,2011-01-16,Sunday,6.9,520.0,6.47
Homer the Father,22,12,476,2011-01-23,Sunday,7.0,486.0,6.5
The Blue and the Gray,22,13,477,2011-02-13,Sunday,6.9,461.0,5.61
Angry Dad: The Movie,22,14,478,2011-02-20,Sunday,7.2,559.0,6.35
The Scorpion's Tale,22,15,479,2011-03-06,Sunday,6.7,489.0,6.2
A Midsummer's Nice Dream,22,16,480,2011-03-13,Sunday,6.1,481.0,5.44
Love Is a Many Strangled Thing,22,17,481,2011-03-27,Sunday,6.5,470.0,6.14
The Great Simpsina,22,18,482,2011-04-10,Sunday,7.0,491.0,4.99
The Real Housewives of Fat Tony,22,19,483,2011-05-01,Sunday,6.6,486.0,6.1
Homer Scissorhands,22,20,484,2011-05-08,Sunday,7.2,483.0,5.48
500 Keys,22,21,485,2011-05-15,Sunday,7.3,505.0,6.0
The Ned-Liest Catch,22,22,486,2011-05-22,Sunday,7.0,492.0,5.25
The Falcon and the D'ohman,23,1,487,2011-09-25,Sunday,7.2,672.0,8.08
Bart Stops to Smell the Roosevelts,23,2,488,2011-10-02,Sunday,7.0,528.0,6.19
Treehouse of Horror XXII,23,3,489,2011-10-30,Sunday,6.6,654.0,8.1
Replaceable You,23,4,490,2011-11-06,Sunday,6.7,491.0,7.97
The Food Wife,23,5,491,2011-11-13,Sunday,7.2,562.0,7.5
The Book Job,23,6,492,2011-11-20,Sunday,7.8,712.0,5.77
The Man in the Blue Flannel Pants,23,7,493,2011-11-27,Sunday,6.8,493.0,5.61
The Ten-Per-Cent Solution,23,8,494,2011-12-04,Sunday,6.2,476.0,9.01
Holidays of Future Passed,23,9,495,2011-12-11,Sunday,8.2,905.0,6.43
"Politically Inept, with Homer Simpson",23,10,496,2012-01-08,Sunday,6.1,549.0,5.07
The D'oh-cial Network,23,11,497,2012-01-15,Sunday,7.0,553.0,11.48
Moe Goes from Rags to Riches,23,12,498,2012-01-29,Sunday,5.7,562.0,5.12
The Daughter Also Rises,23,13,499,2012-02-12,Sunday,6.5,490.0,4.26
At Long Last Leave,23,14,500,2012-02-19,Sunday,7.0,580.0,5.77
Exit Through the Kwik-E-Mart,23,15,501,2012-03-04,Sunday,6.9,425.0,5.09
How I Wet Your Mother,23,16,502,2012-03-11,Sunday,7.3,541.0,4.97
"Them, Robot",23,17,503,2012-03-18,Sunday,7.1,493.0,5.25
Beware My Cheating Bart,23,18,504,2012-04-15,Sunday,7.1,470.0,4.86
A Totally Fun Thing That Bart Will Never Do Again,23,19,505,2012-04-29,Sunday,7.4,568.0,5.0
The Spy Who Learned Me,23,20,506,2012-05-06,Sunday,6.9,405.0,4.84
Ned 'n Edna's Blend,23,21,507,2012-05-13,Sunday,6.7,408.0,4.07
Lisa Goes Gaga,23,22,508,2012-05-20,Sunday,4.5,1215.0,4.82
Moonshine River,24,1,509,2012-09-30,Sunday,6.4,597.0,8.08
Treehouse of Horror XXIII,24,2,510,2012-10-07,Sunday,7.3,600.0,6.57
Adventures in Baby-Getting,24,3,511,2012-11-04,Sunday,6.9,460.0,5.65
Gone Abie Gone,24,4,512,2012-11-11,Sunday,6.7,415.0,6.86
Penny-Wiseguys,24,5,513,2012-11-18,Sunday,6.3,426.0,5.06
A Tree Grows in Springfield,24,6,514,2012-11-25,Sunday,6.5,430.0,7.46
The Day the Earth Stood Cool,24,7,515,2012-12-09,Sunday,7.2,493.0,7.44
To Cur with Love,24,8,516,2012-12-16,Sunday,7.2,441.0,3.77
Homer Goes to Prep School,24,9,517,2013-01-06,Sunday,6.9,411.0,8.97
A Test Before Trying,24,10,518,2013-01-13,Sunday,7.0,408.0,5.04
The Changing of the Guardian,24,11,519,2013-01-27,Sunday,6.6,405.0,5.23
Love is a Many-Splintered Thing,24,12,520,2013-02-10,Sunday,6.5,471.0,4.19
Hardly Kirk-ing,24,13,521,2013-02-17,Sunday,7.0,406.0,4.57
Gorgeous Grampa,24,14,522,2013-03-03,Sunday,6.2,423.0,4.66
"Black Eyed, Please",24,15,523,2013-03-10,Sunday,7.0,418.0,4.85
Dark Knight Court,24,16,524,2013-03-17,Sunday,7.1,417.0,4.89
What Animated Women Want,24,17,525,2013-04-14,Sunday,6.5,425.0,4.11
Pulpit Friction,24,18,526,2013-04-28,Sunday,6.5,405.0,4.54
Whiskey Business,24,19,527,2013-05-05,Sunday,6.8,371.0,4.43
The Fabulous Faker Boy,24,20,528,2013-05-12,Sunday,6.3,410.0,4.16
The Saga of Carl,24,21,529,2013-05-19,Sunday,7.2,460.0,4.01
Dangers on a Train,24,22,530,2013-05-19,Sunday,7.0,396.0,4.52
Homerland,25,1,531,2013-09-29,Sunday,7.0,635.0,6.37
Treehouse of Horror XXIV,25,2,532,2013-10-06,Sunday,7.1,654.0,6.42
Four Regrettings and a Funeral,25,3,533,2013-11-03,Sunday,6.5,482.0,5.43
YOLO,25,4,534,2013-11-10,Sunday,6.7,489.0,4.2
Labor Pains,25,5,535,2013-11-17,Sunday,7.1,442.0,4.08
The Kid Is All Right,25,6,536,2013-11-24,Sunday,6.5,468.0,6.78
Yellow Subterfuge,25,7,537,2013-12-08,Sunday,7.0,440.0,6.85
White Christmas Blues,25,8,538,2013-12-15,Sunday,6.5,449.0,8.48
Steal This Episode,25,9,539,2014-01-05,Sunday,7.6,648.0,12.04
Married to the Blob,25,10,540,2014-01-12,Sunday,7.1,475.0,4.83
Specs and the City,25,11,541,2014-01-26,Sunday,7.2,431.0,3.87
Diggs,25,12,542,2014-03-09,Sunday,6.4,473.0,2.69
The Man Who Grew Too Much,25,13,543,2014-03-09,Sunday,6.7,468.0,3.75
The Winter of His Content,25,14,544,2014-03-16,Sunday,6.6,407.0,4.02
The War of Art,25,15,545,2014-03-23,Sunday,7.0,414.0,3.98
You Don't Have to Live Like a Referee,25,16,546,2014-03-30,Sunday,6.9,430.0,3.91
Luca$,25,17,547,2014-04-06,Sunday,6.5,415.0,4.3
Days of Future Future,25,18,548,2014-04-13,Sunday,7.0,504.0,3.64
What to Expect When Bart's Expecting,25,19,549,2014-04-27,Sunday,5.8,445.0,3.45
Brick Like Me,25,20,550,2014-05-04,Sunday,7.7,705.0,4.39
Pay Pal,25,21,551,2014-05-11,Sunday,6.7,402.0,3.66
The Yellow Badge of Cowardge,25,22,552,2014-05-18,Sunday,6.7,416.0,3.28
Clown in the Dumps,26,1,553,2014-09-28,Sunday,5.8,652.0,8.53
The Wreck of the Relationship,26,2,554,2014-10-05,Sunday,6.9,490.0,4.27
Super Franchise Me,26,3,555,2014-10-12,Sunday,6.5,457.0,7.33
Treehouse of Horror XXV,26,4,556,2014-10-19,Sunday,7.3,612.0,7.76
Opposites A-Frack,26,5,557,2014-11-02,Sunday,6.3,442.0,4.22
Simpsorama,26,6,558,2014-11-09,Sunday,7.9,977.0,6.7
Blazed and Confused,26,7,559,2014-11-16,Sunday,6.9,456.0,6.7
Covercraft,26,8,560,2014-11-23,Sunday,6.5,431.0,3.45
I Won't Be Home for Christmas,26,9,561,2014-12-07,Sunday,6.8,432.0,6.52
The Man Who Came to Be Dinner,26,10,562,2015-01-04,Sunday,6.8,578.0,10.62
Bart's New Friend,26,11,563,2015-01-11,Sunday,7.3,434.0,4.28
The Musk Who Fell to Earth,26,12,564,2015-01-25,Sunday,5.8,439.0,3.29
Walking Big & Tall,26,13,565,2015-02-08,Sunday,6.3,377.0,2.78
My Fare Lady,26,14,566,2015-02-15,Sunday,6.7,360.0,2.67
The Princess Guide,26,15,567,2015-03-01,Sunday,6.6,372.0,3.93
Sky Police,26,16,568,2015-03-08,Sunday,6.9,377.0,3.79
Waiting for Duffman,26,17,569,2015-03-15,Sunday,6.7,374.0,3.59
Peeping Mom,26,18,570,2015-04-19,Sunday,6.7,334.0,3.23
The Kids Are All Fight,26,19,571,2015-04-26,Sunday,6.9,347.0,3.33
Let's Go Fly a Coot,26,20,572,2015-05-03,Sunday,6.2,330.0,3.12
Bull-E,26,21,573,2015-05-10,Sunday,6.8,335.0,2.77
Mathlete's Feat,26,22,574,2015-05-17,Sunday,6.9,335.0,2.82
Every Man's Dream,27,1,575,2015-09-27,Sunday,5.9,532.0,3.28
Cue Detective,27,2,576,2015-10-04,Sunday,6.7,395.0,6.02
Puffless,27,3,577,2015-10-11,Sunday,7.2,404.0,3.31
Halloween of Horror,27,4,578,2015-10-18,Sunday,7.5,462.0,3.69
Treehouse of Horror XXVI,27,5,579,2015-10-25,Sunday,6.8,385.0,6.75
Friend with Benefit,27,6,580,2015-11-08,Sunday,6.8,335.0,3.48
Lisa with an 'S',27,7,581,2015-11-22,Sunday,6.3,328.0,5.64
Paths of Glory,27,8,582,2015-12-06,Sunday,7.1,305.0,5.53
Barthood,27,9,583,2015-12-13,Sunday,8.4,698.0,5.97
The Girl Code,27,10,584,2016-01-03,Sunday,6.6,356.0,4.41
Teenage Mutant Milk-Caused Hurdles,27,11,585,2016-01-10,Sunday,6.8,309.0,8.33
Much Apu About Something,27,12,586,2016-01-17,Sunday,6.7,271.0,3.95
Love Is in the N2-O2-Ar-CO2-Ne-He-CH4,27,13,587,2016-02-14,Sunday,6.3,252.0,2.89
Gal of Constant Sorrow,27,14,588,2016-02-21,Sunday,6.6,293.0,3.1
Lisa the Veterinarian,27,15,589,2016-03-06,Sunday,6.3,233.0,3.09
The Marge-ian Chronicles,27,16,590,2016-03-13,Sunday,7.3,262.0,3.07
The Burns Cage,27,17,591,2016-04-03,Sunday,6.5,246.0,2.32
How Lisa Got Her Marge Back,27,18,592,2016-04-10,Sunday,6.4,228.0,2.55
Fland Canyon,27,19,593,2016-04-24,Sunday,7.1,229.0,2.77
To Courier with Love,27,20,594,2016-05-08,Sunday,6.7,193.0,2.52
Simprovised,27,21,595,2016-05-15,Sunday,6.4,227.0,2.8
Orange Is the New Yellow,27,22,596,2016-05-22,Sunday,6.9,210.0,2.54
